{
  "agent": {
    "metrics_collection_interval": 10,
    "logfile": "/var/logs/amazon-cloudwatch-agent.log"
  },
  "logs": {
    "logs_collected": {
      "files": {
        "collect_list": [{
          "file_path": "/home/ec2-user/logs/combined.log",
          "log_group_name": "csye6225_fall2022",
          "log_stream_name": "webapp"
        }]
      }
    },
    "log_stream_name": "cloudwatch_log_stream"
  },
  "metrics": {
    "metrics_collected": {
      "statsd": {
        "service_address": ":8125",
        "metrics_collection_interval": 15,
        "metrics_aggregation_interval": 300
      }
    }
  }
}